{
  "mse": 0.038575030863285065,
  "mae": 0.13795757293701172,
  "rmse": 0.19640527198444818
}